# each line represent a series of parameter value separate by ';'
#latitude;longitude;speed;altitude;temperature;heart rate;power;cadence
5.248005;45.721535;220;22079;195;134;1120;90
5.2492;45.721481;220;22122;195;134;1120;90
5.24955;45.721529;220;22775;195;134;1120;90
5.250801;45.721458;220;22702;195;134;1120;90
5.251316;45.721367;220;22913;195;134;1120;90
5.251845;45.721235;220;22768;195;134;1120;90
5.251902;45.721221;220;22899;195;134;1120;90
5.252571;45.720998;220;22955;195;134;1120;90
5.253077;45.720787;220;23100;195;134;1120;90
5.253568;45.720529;220;23285;195;134;1120;90
5.254156;45.720182;220;23534;195;134;1120;90
5.254286;45.720063;220;23713;195;134;1120;90
5.254332;45.720034;220;23947;195;134;1120;90
5.254439;45.719974;220;24105;195;134;1120;90
5.254752;45.719769;220;24192;195;134;1120;90
5.255158;45.719577;220;24268;195;134;1120;90
5.25546;45.719375;220;24371;195;134;1120;90
5.255508;45.719177;220;24539;195;134;1120;90
5.255566;45.719132;220;24744;195;134;1120;90
5.255491;45.718884;220;24954;195;134;1120;90
5.255406;45.718654;220;25157;195;134;1120;90
5.255366;45.718467;220;25309;195;134;1120;90
5.255368;45.718373;220;25387;195;134;1120;90
5.255398;45.718283;220;25381;195;134;1120;90
5.255465;45.718208;220;25308;195;134;1120;90
5.255575;45.718123;220;25367;195;134;1120;90
5.255741;45.718048;220;25459;195;134;1120;90
5.256221;45.7179;220;25428;195;134;1120;90
5.25683;45.717789;220;25572;195;134;1120;90
5.256971;45.717627;220;25763;195;134;1120;90
5.257328;45.717432;220;25802;195;134;1120;90
5.257988;45.717025;220;25752;195;134;1120;90
5.258571;45.716619;220;25801;195;134;1120;90
5.259066;45.71636;220;25776;195;134;1120;90
5.25959;45.716117;220;25676;195;134;1120;90
5.260267;45.715852;220;25606;195;134;1120;90
5.262598;45.715216;220;25699;195;134;1120;90
5.262835;45.715155;220;25607;195;134;1120;90
5.263286;45.715046;220;25617;195;134;1120;90
5.265184;45.714398;220;25557;195;134;1120;90
5.266526;45.713833;220;25555;195;134;1120;90
5.267014;45.7136;220;25532;195;134;1120;90
5.268507;45.712791;220;25607;195;134;1120;90
5.268581;45.712751;220;25672;195;134;1120;90
5.269371;45.712249;220;25745;195;134;1120;90
5.270139;45.711853;220;25821;195;134;1120;90
5.271347;45.711252;220;25877;195;134;1120;90
5.272646;45.710697;220;25901;195;134;1120;90
5.274551;45.709956;220;25903;195;134;1120;90
5.27597;45.709426;220;25933;195;134;1120;90
5.278284;45.708551;220;25943;195;134;1120;90
5.278326;45.708569;220;25995;195;134;1120;90
5.27837;45.708602;220;26052;195;134;1120;90
5.27842;45.708635;220;26082;195;134;1120;90
5.278479;45.708657;220;26091;195;134;1120;90
5.278982;45.708398;220;26106;195;134;1120;90
5.27945;45.708137;220;26079;195;134;1120;90
5.27954;45.708085;220;26041;195;134;1120;90
5.280757;45.707455;220;26049;195;134;1120;90
5.28573;45.704671;220;26073;195;134;1120;90
5.287565;45.70367;220;26087;195;134;1120;90
5.28819;45.70324;220;26134;195;134;1120;90
5.289061;45.702444;220;26194;195;134;1120;90
5.28935;45.702093;220;26207;195;134;1120;90
5.28955;45.70178;220;26335;195;134;1120;90
5.2897;45.701749;220;26408;195;134;1120;90
5.28982;45.701598;220;26444;195;134;1120;90
5.289859;45.701529;220;26476;195;134;1120;90
5.289824;45.701447;220;26497;195;134;1120;90
5.289827;45.701342;220;26509;195;134;1120;90
5.289968;45.701044;220;26509;195;134;1120;90
5.290105;45.700635;220;26532;195;134;1120;90
5.290191;45.700195;220;26554;195;134;1120;90
5.290201;45.699455;220;26586;195;134;1120;90
5.290101;45.699015;220;26684;195;134;1120;90
5.289792;45.698291;220;26802;195;134;1120;90
5.289509;45.697832;220;26963;195;134;1120;90
5.289128;45.697386;220;27175;195;134;1120;90
5.286035;45.694187;220;27401;195;134;1120;90
5.285597;45.693669;220;27481;195;134;1120;90
5.285182;45.69309;220;27504;195;134;1120;90
5.284979;45.692632;220;27496;195;134;1120;90
5.284177;45.690657;220;27436;195;134;1120;90
5.283882;45.689842;220;27402;195;134;1120;90
5.283783;45.68904;220;27473;195;134;1120;90
5.283958;45.688226;220;27476;195;134;1120;90
5.284291;45.687603;220;27496;195;134;1120;90
5.284612;45.687159;220;27519;195;134;1120;90
5.285025;45.686808;220;27461;195;134;1120;90
5.285706;45.686398;220;27401;195;134;1120;90
5.287046;45.685878;220;27399;195;134;1120;90
5.287395;45.685723;220;27292;195;134;1120;90
5.287466;45.685718;220;27173;195;134;1120;90
5.287719;45.685775;220;27055;195;134;1120;90
5.287823;45.685772;220;26957;195;134;1120;90
5.288368;45.685553;220;26887;195;134;1120;90
5.288483;45.685469;220;26883;195;134;1120;90
5.288598;45.685416;220;26807;195;134;1120;90
5.288774;45.685355;220;26858;195;134;1120;90
5.288909;45.685313;220;26837;195;134;1120;90
5.289106;45.685218;220;26832;195;134;1120;90
5.289146;45.685187;220;26832;195;134;1120;90
5.289184;45.685144;220;26835;195;134;1120;90
5.289203;45.685103;220;26805;195;134;1120;90
5.289176;45.685054;220;26872;195;134;1120;90
5.289169;45.68498;220;26879;195;134;1120;90
5.289198;45.684909;220;26891;195;134;1120;90
5.289252;45.684854;220;26917;195;134;1120;90
5.289328;45.684813;220;26931;195;134;1120;90
5.289423;45.684739;220;26947;195;134;1120;90
5.289478;45.684613;220;26952;195;134;1120;90
5.289601;45.684625;220;26969;195;134;1120;90
5.28974;45.684645;220;26973;195;134;1120;90
5.289826;45.684645;220;26971;195;134;1120;90
5.289913;45.684635;220;26968;195;134;1120;90
5.290644;45.684355;220;26977;195;134;1120;90
5.29114;45.684154;220;26985;195;134;1120;90
5.292465;45.683598;220;27008;195;134;1120;90
5.293613;45.682855;220;27027;195;134;1120;90
5.293954;45.682547;220;27047;195;134;1120;90
5.294968;45.681397;220;27129;195;134;1120;90
5.297854;45.678029;220;27227;195;134;1120;90
5.298461;45.677395;220;27006;195;134;1120;90
5.298885;45.677061;220;26918;195;134;1120;90
5.29995;45.676323;220;26805;195;134;1120;90
5.300862;45.675872;220;26511;195;134;1120;90
5.301876;45.675541;220;26271;195;134;1120;90
5.302534;45.675417;220;26338;195;134;1120;90
5.303238;45.675335;220;26345;195;134;1120;90
5.304287;45.675298;220;26263;195;134;1120;90
5.305324;45.675384;220;26214;195;134;1120;90
5.306418;45.675623;220;26016;195;134;1120;90
5.307142;45.675861;220;25733;195;134;1120;90
5.307478;45.676002;220;25485;195;134;1120;90
5.307557;45.676037;220;25291;195;134;1120;90
5.308074;45.676293;220;25217;195;134;1120;90
5.308589;45.676625;220;25219;195;134;1120;90
5.309187;45.677086;220;25205;195;134;1120;90
5.31011;45.677846;220;25279;195;134;1120;90
5.310601;45.678215;220;25272;195;134;1120;90
5.31109;45.678526;220;25224;195;134;1120;90
5.311179;45.678613;220;25162;195;134;1120;90
5.311514;45.678779;220;25094;195;134;1120;90
5.31178;45.678948;220;25021;195;134;1120;90
5.311915;45.679098;220;24968;195;134;1120;90
5.311972;45.679131;220;24932;195;134;1120;90
5.312043;45.679152;220;24903;195;134;1120;90
5.312046;45.679281;220;24866;195;134;1120;90
5.312011;45.679375;220;24856;195;134;1120;90
5.31191;45.679496;220;24875;195;134;1120;90
5.311941;45.679522;220;24893;195;134;1120;90
5.312088;45.6796;220;24901;195;134;1120;90
5.312768;45.679947;220;24938;195;134;1120;90
5.313327;45.680135;220;24973;195;134;1120;90
5.313427;45.680146;220;24997;195;134;1120;90
5.313621;45.680123;220;25007;195;134;1120;90
5.31371;45.680135;220;25005;195;134;1120;90
5.314383;45.680418;220;24998;195;134;1120;90
5.314764;45.680621;220;24909;195;134;1120;90
5.314915;45.680777;220;24979;195;134;1120;90
5.315001;45.680825;220;24996;195;134;1120;90
5.315103;45.680842;220;25023;195;134;1120;90
5.315301;45.680857;220;25051;195;134;1120;90
5.315492;45.680909;220;25068;195;134;1120;90
5.315701;45.680969;220;25099;195;134;1120;90
5.316016;45.681035;220;25098;195;134;1120;90
5.316238;45.681034;220;25095;195;134;1120;90
5.316299;45.681027;220;25091;195;134;1120;90
5.31636;45.681023;220;25079;195;134;1120;90
5.316699;45.681175;220;25053;195;134;1120;90
5.319667;45.682559;220;25033;195;134;1120;90
5.319789;45.68262;220;24958;195;134;1120;90
5.319824;45.682638;220;24908;195;134;1120;90
5.319859;45.682655;220;24857;195;134;1120;90
5.319996;45.68272;220;24805;195;134;1120;90
5.320118;45.682778;220;24771;195;134;1120;90
5.321747;45.683552;220;24822;195;134;1120;90
5.324872;45.685211;220;24914;195;134;1120;90
5.325138;45.685347;220;24844;195;134;1120;90
5.325276;45.685421;220;24769;195;134;1120;90
5.326126;45.685822;220;24679;195;134;1120;90
5.327383;45.686346;220;24483;195;134;1120;90
5.329686;45.687156;220;24189;195;134;1120;90
5.333743;45.68856;220;24006;195;134;1120;90
5.335297;45.689115;220;23863;195;134;1120;90
5.335459;45.689172;220;23671;195;134;1120;90
5.336026;45.689375;220;23554;195;134;1120;90
5.337399;45.689795;220;23493;195;134;1120;90
5.338389;45.689982;220;23454;195;134;1120;90
5.338536;45.689992;220;23524;195;134;1120;90
5.338597;45.69;220;23594;195;134;1120;90
5.339176;45.690021;220;23673;195;134;1120;90
5.339245;45.690008;220;23754;195;134;1120;90
5.339311;45.69001;220;23814;195;134;1120;90
5.339357;45.690015;220;23842;195;134;1120;90
5.339383;45.690036;220;23866;195;134;1120;90
5.339531;45.690042;220;23881;195;134;1120;90
5.339598;45.690044;220;23871;195;134;1120;90
5.339654;45.690043;220;23862;195;134;1120;90
5.339826;45.690042;220;23805;195;134;1120;90
5.343048;45.689825;220;23822;195;134;1120;90
5.346507;45.68957;220;23668;195;134;1120;90
5.347593;45.689487;220;23468;195;134;1120;90
5.347831;45.689468;220;23206;195;134;1120;90
5.347896;45.689464;220;23057;195;134;1120;90
5.347962;45.68946;220;22869;195;134;1120;90
5.348214;45.689445;220;22801;195;134;1120;90
5.349154;45.689391;220;22805;195;134;1120;90
5.351022;45.689246;220;22839;195;134;1120;90
5.351446;45.689211;220;22791;195;134;1120;90
5.351506;45.689205;220;22742;195;134;1120;90
5.351568;45.689199;220;22694;195;134;1120;90
5.351769;45.689179;220;22641;195;134;1120;90
5.356176;45.688457;220;22556;195;134;1120;90
5.358455;45.688078;220;22554;195;134;1120;90
5.359553;45.687913;220;22546;195;134;1120;90
5.359734;45.687893;220;22561;195;134;1120;90
5.359779;45.687888;220;22577;195;134;1120;90
5.359805;45.687885;220;22594;195;134;1120;90
5.359968;45.687867;220;22621;195;134;1120;90
5.36061;45.687845;220;22659;195;134;1120;90
5.361226;45.687882;220;22687;195;134;1120;90
5.361952;45.687973;220;22727;195;134;1120;90
5.363221;45.688269;220;22762;195;134;1120;90
5.365456;45.688899;220;22800;195;134;1120;90
5.366941;45.689244;220;22928;195;134;1120;90
5.36796;45.689412;220;22985;195;134;1120;90
5.368161;45.689438;220;22962;195;134;1120;90
5.368231;45.689446;220;22931;195;134;1120;90
5.368296;45.689455;220;22882;195;134;1120;90
5.368515;45.689483;220;22743;195;134;1120;90
5.36914;45.689542;220;22656;195;134;1120;90
5.369178;45.689545;220;22604;195;134;1120;90
5.370137;45.689573;220;22637;195;134;1120;90
5.37235;45.689641;220;22613;195;134;1120;90
5.373083;45.689587;220;22595;195;134;1120;90
5.373269;45.689547;220;22582;195;134;1120;90
5.373349;45.689518;220;22569;195;134;1120;90
5.373401;45.689497;220;22548;195;134;1120;90
5.37361;45.689489;220;22546;195;134;1120;90
5.375012;45.689533;220;22538;195;134;1120;90
5.375678;45.689542;220;22515;195;134;1120;90
5.375764;45.689578;220;22481;195;134;1120;90
5.375828;45.689652;220;22462;195;134;1120;90
5.375898;45.689681;220;22452;195;134;1120;90
5.376939;45.689688;220;22439;195;134;1120;90
5.377473;45.689754;220;22438;195;134;1120;90
5.377471;45.689779;220;22437;195;134;1120;90
5.37747;45.689823;220;22403;195;134;1120;90
5.377467;45.689847;220;22415;195;134;1120;90
5.377466;45.68989;220;22404;195;134;1120;90
5.380725;45.689991;220;22398;195;134;1120;90
5.380729;45.690177;220;22364;195;134;1120;90
5.380729;45.690267;220;22333;195;134;1120;90
5.381982;45.690296;220;22304;195;134;1120;90
5.382268;45.690435;220;22258;195;134;1120;90
5.382402;45.690439;220;22213;195;134;1120;90
5.382743;45.690002;220;22198;195;134;1120;90
5.383019;45.689983;220;22161;195;134;1120;90
5.384341;45.690219;220;22121;195;134;1120;90
5.385237;45.690476;220;22129;195;134;1120;90
5.386557;45.691106;220;22164;195;134;1120;90
5.38882;45.692262;220;22251;195;134;1120;90
5.390145;45.693028;220;22454;195;134;1120;90
5.390599;45.693493;220;22681;195;134;1120;90
5.391201;45.694181;220;22751;195;134;1120;90
5.391471;45.694611;220;22728;195;134;1120;90
5.391624;45.695054;220;22664;195;134;1120;90
5.392111;45.696305;220;22499;195;134;1120;90
5.392893;45.697317;220;22346;195;134;1120;90
5.395371;45.698754;220;22305;195;134;1120;90
5.402646;45.702772;220;22301;195;134;1120;90
5.406906;45.704897;220;22303;195;134;1120;90
5.411152;45.707205;220;22300;195;134;1120;90
5.413224;45.708287;220;22255;195;134;1120;90
5.415021;45.709036;220;22249;195;134;1120;90
5.416873;45.709747;220;22263;195;134;1120;90
5.41734;45.709927;220;22274;195;134;1120;90
5.419064;45.710524;220;22321;195;134;1120;90
5.420204;45.711154;220;22307;195;134;1120;90
5.420207;45.711157;220;22401;195;134;1120;90
5.420207;45.711157;220;22438;195;134;1120;90
5.420594;45.711427;220;22443;195;134;1120;90
5.421011;45.711813;220;22474;195;134;1120;90
5.421293;45.712124;220;22488;195;134;1120;90
5.421583;45.712475;220;22501;195;134;1120;90
5.421794;45.712831;220;22526;195;134;1120;90
5.421975;45.71321;220;22547;195;134;1120;90
5.422147;45.713634;220;22574;195;134;1120;90
5.422224;45.714049;220;22607;195;134;1120;90
5.422259;45.714862;220;22656;195;134;1120;90
5.422283;45.715754;220;22668;195;134;1120;90
5.422273;45.716822;220;22695;195;134;1120;90
5.422309;45.718219;220;22776;195;134;1120;90
5.422503;45.718349;220;22808;195;134;1120;90
5.422608;45.718501;220;22991;195;134;1120;90
5.422298;45.718553;220;23117;195;134;1120;90
5.422116;45.718662;220;23226;195;134;1120;90
5.42215;45.718928;220;23244;195;134;1120;90
5.422237;45.719571;220;23208;195;134;1120;90
5.422733;45.721129;220;23133;195;134;1120;90
5.423529;45.723401;220;23101;195;134;1120;90
5.42383;45.723964;220;23091;195;134;1120;90
5.425351;45.726833;220;23116;195;134;1120;90
5.425455;45.727027;220;23204;195;134;1120;90
5.425827;45.727788;220;23379;195;134;1120;90
5.426049;45.728264;220;23456;195;134;1120;90
5.426165;45.728513;220;23464;195;134;1120;90
5.4263;45.729051;220;23543;195;134;1120;90
5.426333;45.72953;220;23387;195;134;1120;90
5.426258;45.730134;220;23404;195;134;1120;90
5.426071;45.730787;220;23346;195;134;1120;90
5.425799;45.731215;220;23307;195;134;1120;90
5.425698;45.731374;220;23281;195;134;1120;90
5.425583;45.731526;220;23355;195;134;1120;90
5.425172;45.732069;220;23265;195;134;1120;90
5.424432;45.732688;220;23251;195;134;1120;90
5.424039;45.733005;220;23204;195;134;1120;90
5.42367;45.733303;220;23183;195;134;1120;90
5.423251;45.733653;220;23104;195;134;1120;90
5.422907;45.734004;220;23047;195;134;1120;90
5.422649;45.734338;220;23003;195;134;1120;90
5.422443;45.734656;220;23000;195;134;1120;90
5.4222;45.735108;220;23035;195;134;1120;90
5.422116;45.735364;220;23056;195;134;1120;90
5.422073;45.735495;220;23126;195;134;1120;90
5.422023;45.73572;220;23258;195;134;1120;90
5.422014;45.735756;220;23374;195;134;1120;90
5.421963;45.735984;220;23454;195;134;1120;90
5.421961;45.736369;220;23556;195;134;1120;90
5.42198;45.736702;220;23654;195;134;1120;90
5.422058;45.737173;220;23626;195;134;1120;90
5.422201;45.737849;220;23577;195;134;1120;90
5.422326;45.738415;220;23535;195;134;1120;90
5.422368;45.7386;220;23456;195;134;1120;90
5.422759;45.740357;220;23398;195;134;1120;90
5.423063;45.741879;220;23366;195;134;1120;90
5.423832;45.745224;220;23357;195;134;1120;90
5.424531;45.748401;220;23337;195;134;1120;90
5.424831;45.749764;220;23263;195;134;1120;90
5.424838;45.749796;220;23336;195;134;1120;90
5.424998;45.749786;220;23414;195;134;1120;90
5.425099;45.749864;220;23545;195;134;1120;90
5.425107;45.749978;220;23607;195;134;1120;90
5.425102;45.75033;220;23851;195;134;1120;90
5.425265;45.751324;220;23842;195;134;1120;90
5.425334;45.752042;220;23889;195;134;1120;90
5.425371;45.752353;220;23917;195;134;1120;90
5.425503;45.75345;220;23881;195;134;1120;90
5.4255;45.753928;220;23831;195;134;1120;90
5.425573;45.754518;220;23706;195;134;1120;90
5.425618;45.754667;220;23717;195;134;1120;90
5.425672;45.754845;220;23577;195;134;1120;90
5.4258;45.755271;220;23532;195;134;1120;90
5.425824;45.755317;220;23506;195;134;1120;90
5.425875;45.755416;220;23616;195;134;1120;90
5.426036;45.755576;220;23582;195;134;1120;90
5.426622;45.755948;220;23595;195;134;1120;90
5.427241;45.756175;220;23615;195;134;1120;90
5.427096;45.756214;220;23621;195;134;1120;90
5.426939;45.756273;220;23615;195;134;1120;90
5.426857;45.756348;220;23616;195;134;1120;90
5.426739;45.756604;220;23592;195;134;1120;90
5.426647;45.756984;220;23493;195;134;1120;90
5.426568;45.757432;220;23347;195;134;1120;90
5.426556;45.75759;220;23109;195;134;1120;90
5.426538;45.757832;220;23037;195;134;1120;90
5.42651;45.758326;220;22897;195;134;1120;90
5.426438;45.758831;220;22811;195;134;1120;90
5.426297;45.759663;220;22769;195;134;1120;90
5.426227;45.760004;220;22761;195;134;1120;90
5.426207;45.760097;220;22775;195;134;1120;90
5.426164;45.760198;220;22793;195;134;1120;90
5.426054;45.760291;220;22839;195;134;1120;90
5.425892;45.760386;220;22884;195;134;1120;90
5.425711;45.760473;220;22898;195;134;1120;90
5.425487;45.760586;220;22941;195;134;1120;90
5.42511;45.760814;220;22958;195;134;1120;90
5.425052;45.760855;220;23001;195;134;1120;90
5.424964;45.760917;220;23062;195;134;1120;90
5.424637;45.761313;220;23099;195;134;1120;90
5.424621;45.761333;220;23105;195;134;1120;90
5.42461;45.762167;220;23227;195;134;1120;90
5.424628;45.762435;220;23203;195;134;1120;90
5.424657;45.762865;220;23148;195;134;1120;90
5.424658;45.762875;220;23119;195;134;1120;90
5.424646;45.762899;220;23031;195;134;1120;90
5.424563;45.763064;220;22941;195;134;1120;90
5.424516;45.763157;220;22904;195;134;1120;90
5.424499;45.76331;220;22885;195;134;1120;90
5.424671;45.763566;220;22882;195;134;1120;90
5.42479;45.763745;220;22878;195;134;1120;90
5.424794;45.763833;220;22904;195;134;1120;90
5.424683;45.76419;220;22907;195;134;1120;90
5.424582;45.764513;220;22889;195;134;1120;90
5.424596;45.764654;220;22853;195;134;1120;90
5.424616;45.764837;220;22824;195;134;1120;90
5.424787;45.765139;220;22758;195;134;1120;90
5.425027;45.765563;220;22702;195;134;1120;90
5.425253;45.765955;220;22727;195;134;1120;90
5.42565;45.766458;220;22753;195;134;1120;90
5.425892;45.766781;220;22777;195;134;1120;90
5.426031;45.767059;220;22768;195;134;1120;90
5.426165;45.767216;220;22723;195;134;1120;90
5.426196;45.76724;220;22659;195;134;1120;90
5.426249;45.76728;220;22591;195;134;1120;90
5.426304;45.767322;220;22521;195;134;1120;90
5.426547;45.767431;220;22494;195;134;1120;90
5.426732;45.767505;220;22504;195;134;1120;90
5.426983;45.767605;220;22528;195;134;1120;90
5.427303;45.767753;220;22553;195;134;1120;90
5.427492;45.767856;220;22605;195;134;1120;90
5.427758;45.768;220;22657;195;134;1120;90
5.428084;45.768277;220;22712;195;134;1120;90
5.428391;45.768551;220;22761;195;134;1120;90
5.428434;45.76859;220;22809;195;134;1120;90
5.428764;45.768828;220;22829;195;134;1120;90
5.428931;45.768905;220;22846;195;134;1120;90
5.42903;45.768951;220;22813;195;134;1120;90
5.42932;45.769062;220;22787;195;134;1120;90
5.429797;45.769164;220;22767;195;134;1120;90
5.430432;45.769361;220;22751;195;134;1120;90
5.43098;45.769538;220;22707;195;134;1120;90
5.431561;45.769744;220;22821;195;134;1120;90
5.431833;45.769855;220;22835;195;134;1120;90
5.432144;45.769999;220;22841;195;134;1120;90
5.432633;45.770094;220;22833;195;134;1120;90
5.433085;45.770211;220;22804;195;134;1120;90
5.432134;45.771207;220;22785;195;134;1120;90
5.43182;45.771499;220;22778;195;134;1120;90
5.431444;45.771865;220;22817;195;134;1120;90
5.430998;45.771707;220;22783;195;134;1120;90
5.430899;45.771765;220;22703;195;134;1120;90
5.430772;45.771865;220;22606;195;134;1120;90
5.430637;45.771978;220;22507;195;134;1120;90
5.430462;45.77215;220;22406;195;134;1120;90
5.430782;45.772317;220;22419;195;134;1120;90
5.431271;45.772596;220;22432;195;134;1120;90
5.431655;45.772857;220;22452;195;134;1120;90
5.432004;45.77316;220;22478;195;134;1120;90
5.432334;45.773479;220;22464;195;134;1120;90
5.432702;45.773909;220;22468;195;134;1120;90
5.432777;45.774036;220;22393;195;134;1120;90
5.432811;45.774093;220;22289;195;134;1120;90
5.43294;45.774307;220;22219;195;134;1120;90
5.433177;45.774761;220;22108;195;134;1120;90
5.433319;45.775185;220;22159;195;134;1120;90
5.433414;45.775608;220;22171;195;134;1120;90
5.433431;45.776048;220;22216;195;134;1120;90
5.433325;45.776937;220;22261;195;134;1120;90
5.433236;45.777752;220;22304;195;134;1120;90
5.434329;45.778113;220;22343;195;134;1120;90
5.436345;45.778804;220;22365;195;134;1120;90
5.436071;45.77902;220;22366;195;134;1120;90
5.435802;45.779167;220;22369;195;134;1120;90
5.435344;45.779416;220;22368;195;134;1120;90
5.434834;45.779659;220;22373;195;134;1120;90
5.434207;45.779923;220;22400;195;134;1120;90
5.433749;45.780253;220;22458;195;134;1120;90
5.433275;45.780567;220;22506;195;134;1120;90
5.43311;45.780697;220;22537;195;134;1120;90
5.433046;45.78085;220;22546;195;134;1120;90
5.432987;45.781057;220;22582;195;134;1120;90
5.432849;45.781112;220;22638;195;134;1120;90
5.43269;45.78108;220;22646;195;134;1120;90
5.4325;45.781297;220;22675;195;134;1120;90
5.432335;45.781633;220;22688;195;134;1120;90
5.432158;45.781902;220;22675;195;134;1120;90
5.432124;45.78213;220;22633;195;134;1120;90
5.432154;45.782647;220;22645;195;134;1120;90
5.432149;45.782901;220;22638;195;134;1120;90
5.4321;45.783267;220;22639;195;134;1120;90
5.432175;45.783512;220;22626;195;134;1120;90
5.43223;45.783738;220;22593;195;134;1120;90
5.432201;45.783917;220;22554;195;134;1120;90
5.432151;45.784112;220;22514;195;134;1120;90
5.432163;45.784294;220;22408;195;134;1120;90
5.432207;45.784466;220;22453;195;134;1120;90
5.432072;45.785743;220;22442;195;134;1120;90
5.432177;45.785759;220;22444;195;134;1120;90
5.431743;45.78912;220;22449;195;134;1120;90
5.432046;45.789165;220;22407;195;134;1120;90
5.432818;45.7893;220;22372;195;134;1120;90
5.433829;45.789471;220;22367;195;134;1120;90
5.434384;45.789552;220;22495;195;134;1120;90
5.434726;45.789575;220;22665;195;134;1120;90
5.435033;45.789547;220;22918;195;134;1120;90
5.43544;45.78946;220;23207;195;134;1120;90
5.435696;45.789437;220;23528;195;134;1120;90
5.435574;45.789696;220;23742;195;134;1120;90
5.435339;45.790094;220;23892;195;134;1120;90
5.435089;45.79041;220;23891;195;134;1120;90
5.43479;45.79068;220;23842;195;134;1120;90
5.434388;45.791077;220;23665;195;134;1120;90
5.434047;45.791456;220;23509;195;134;1120;90
5.433774;45.791828;220;23372;195;134;1120;90
5.433504;45.792224;220;23231;195;134;1120;90
5.433192;45.792727;220;23044;195;134;1120;90
5.432947;45.793179;220;22899;195;134;1120;90
5.432693;45.793402;220;22706;195;134;1120;90
5.432334;45.793655;220;22628;195;134;1120;90
5.432061;45.793853;220;22601;195;134;1120;90
5.431791;45.794096;220;22651;195;134;1120;90
5.431545;45.794329;220;22709;195;134;1120;90
5.431275;45.794814;220;22723;195;134;1120;90
5.431003;45.795389;220;22736;195;134;1120;90
5.43069;45.796124;220;22783;195;134;1120;90
5.430428;45.796454;220;22776;195;134;1120;90
5.430152;45.796738;220;22794;195;134;1120;90
5.429769;45.796998;220;22768;195;134;1120;90
5.429012;45.797578;220;22736;195;134;1120;90
5.42849;45.79781;220;22708;195;134;1120;90
5.428024;45.797985;220;22705;195;134;1120;90
5.427548;45.798149;220;22686;195;134;1120;90
5.427021;45.7983;220;22651;195;134;1120;90
5.426707;45.798388;220;22604;195;134;1120;90
5.426471;45.798494;220;22535;195;134;1120;90
5.426146;45.798705;220;22455;195;134;1120;90
5.425745;45.799003;220;22364;195;134;1120;90
5.425321;45.799333;220;22334;195;134;1120;90
5.424911;45.799595;220;22301;195;134;1120;90
5.424673;45.799748;220;22246;195;134;1120;90
5.424419;45.799893;220;22228;195;134;1120;90
5.424107;45.800034;220;22221;195;134;1120;90
5.423767;45.799955;220;22196;195;134;1120;90
5.423221;45.799886;220;22169;195;134;1120;90
5.421268;45.799622;220;22133;195;134;1120;90
5.420498;45.80055;220;22079;195;134;1120;90
5.420251;45.800824;220;22024;195;134;1120;90
5.4201;45.800816;220;21906;195;134;1120;90
5.419824;45.800736;220;21925;195;134;1120;90
5.419102;45.800474;220;21903;195;134;1120;90
5.41838;45.800259;220;21901;195;134;1120;90
5.417613;45.800018;220;21925;195;134;1120;90
5.41739;45.79995;220;21938;195;134;1120;90
5.417275;45.799908;220;21942;195;134;1120;90
5.41714;45.799884;220;21953;195;134;1120;90
5.417014;45.799898;220;21964;195;134;1120;90
5.416937;45.799949;220;21945;195;134;1120;90
5.416824;45.800069;220;21931;195;134;1120;90
5.416561;45.800355;220;21903;195;134;1120;90
5.416434;45.800485;220;21913;195;134;1120;90
5.416232;45.800621;220;21896;195;134;1120;90
5.416046;45.800742;220;21872;195;134;1120;90
5.415867;45.800835;220;21887;195;134;1120;90
5.41571;45.800879;220;21886;195;134;1120;90
5.415651;45.800892;220;21912;195;134;1120;90
5.415664;45.801234;220;21933;195;134;1120;90
5.415747;45.801423;220;21956;195;134;1120;90
5.415882;45.801591;220;21955;195;134;1120;90
5.416123;45.801754;220;21957;195;134;1120;90
5.416498;45.801921;220;21954;195;134;1120;90
5.416901;45.802127;220;21953;195;134;1120;90
5.416408;45.802567;220;21965;195;134;1120;90
5.41646;45.802632;220;21972;195;134;1120;90
5.416446;45.802697;220;21991;195;134;1120;90
5.416412;45.802738;220;22000;195;134;1120;90
5.416328;45.802763;220;22007;195;134;1120;90
5.416263;45.802765;220;22007;195;134;1120;90
5.416166;45.802762;220;22000;195;134;1120;90
5.41599;45.802917;220;21985;195;134;1120;90
5.415989;45.802918;220;21979;195;134;1120;90
5.4158;45.803085;220;21973;195;134;1120;90
5.415679;45.803148;220;21961;195;134;1120;90
5.415567;45.803171;220;21958;195;134;1120;90
5.415477;45.803213;220;21905;195;134;1120;90
5.415373;45.803378;220;21936;195;134;1120;90
5.415291;45.803561;220;21928;195;134;1120;90
5.415235;45.803745;220;21935;195;134;1120;90
5.415177;45.803992;220;21941;195;134;1120;90
5.414944;45.804104;220;21959;195;134;1120;90
5.41484;45.80431;220;21974;195;134;1120;90
5.414369;45.805404;220;21975;195;134;1120;90
5.414293;45.805568;220;21949;195;134;1120;90
5.414301;45.805677;220;21915;195;134;1120;90
5.414323;45.806114;220;21868;195;134;1120;90
5.414286;45.806258;220;21812;195;134;1120;90
5.414213;45.806379;220;21759;195;134;1120;90
5.41412;45.806509;220;21716;195;134;1120;90
5.414077;45.806583;220;21684;195;134;1120;90
5.415608;45.8072;220;21652;195;134;1120;90
5.418407;45.808349;220;21623;195;134;1120;90
5.418193;45.808755;220;21581;195;134;1120;90
5.41775;45.809423;220;21539;195;134;1120;90
5.417536;45.809729;220;21515;195;134;1120;90
5.417416;45.809821;220;21501;195;134;1120;90
5.417306;45.809979;220;21503;195;134;1120;90
5.416983;45.810487;220;21536;195;134;1120;90
5.416276;45.811541;220;21566;195;134;1120;90
5.415809;45.812313;220;21555;195;134;1120;90
5.415427;45.81295;220;21505;195;134;1120;90
5.415005;45.813533;220;21542;195;134;1120;90
5.414633;45.813977;220;21516;195;134;1120;90
5.414289;45.814384;220;21493;195;134;1120;90
5.414082;45.81467;220;21457;195;134;1120;90
5.413786;45.814836;220;21375;195;134;1120;90
5.413269;45.814876;220;21251;195;134;1120;90
5.41247;45.814946;220;21127;195;134;1120;90
5.412142;45.814858;220;20984;195;134;1120;90
5.411869;45.814717;220;20808;195;134;1120;90
5.41171;45.814609;220;20834;195;134;1120;90
5.411536;45.814495;220;20832;195;134;1120;90
5.411352;45.814373;220;20843;195;134;1120;90
5.411178;45.8143;220;20888;195;134;1120;90
5.411034;45.814244;220;20937;195;134;1120;90
5.410857;45.814198;220;20972;195;134;1120;90
5.41095;45.814269;220;20909;195;134;1120;90
5.41117;45.814367;220;21004;195;134;1120;90
5.411292;45.814444;220;20992;195;134;1120;90
5.411382;45.814497;220;20908;195;134;1120;90
5.411464;45.814533;220;20968;195;134;1120;90
5.411524;45.814565;220;20953;195;134;1120;90
5.411553;45.814634;220;20937;195;134;1120;90
5.411558;45.814721;220;20927;195;134;1120;90
5.411553;45.815016;220;20901;195;134;1120;90
5.411613;45.815125;220;20875;195;134;1120;90
5.411642;45.815263;220;20847;195;134;1120;90
5.411632;45.815446;220;20811;195;134;1120;90
5.41166;45.815601;220;20786;195;134;1120;90
5.411714;45.815797;220;20758;195;134;1120;90
5.411824;45.81604;220;20735;195;134;1120;90
5.412012;45.816336;220;20702;195;134;1120;90
5.412035;45.816357;220;20706;195;134;1120;90
5.41209;45.816437;220;20694;195;134;1120;90
5.412459;45.816522;220;20689;195;134;1120;90
5.413019;45.816663;220;20682;195;134;1120;90
5.413661;45.816821;220;20669;195;134;1120;90
5.414264;45.816967;220;20591;195;134;1120;90
5.414758;45.81709;220;20502;195;134;1120;90
5.414932;45.817119;220;20418;195;134;1120;90
5.415071;45.81714;220;20302;195;134;1120;90
5.415334;45.817162;220;20208;195;134;1120;90
5.415535;45.81719;220;20136;195;134;1120;90
5.415683;45.817201;220;20042;195;134;1120;90
5.415764;45.817231;220;19976;195;134;1120;90
5.41589;45.817319;220;19914;195;134;1120;90
5.416023;45.817425;220;19871;195;134;1120;90
5.416239;45.817594;220;19858;195;134;1120;90
5.416349;45.81768;220;19858;195;134;1120;90
5.416434;45.817719;220;19858;195;134;1120;90
5.416555;45.817715;220;19858;195;134;1120;90
5.416701;45.817713;220;19858;195;134;1120;90
5.416763;45.817726;220;19858;195;134;1120;90
5.416873;45.817766;220;19858;195;134;1120;90
5.416973;45.817826;220;19858;195;134;1120;90
5.417069;45.817865;220;19869;195;134;1120;90
5.41712;45.817897;220;19874;195;134;1120;90
5.41712;45.817952;220;19878;195;134;1120;90
5.417113;45.818026;220;19879;195;134;1120;90
5.417141;45.818083;220;19901;195;134;1120;90
5.417224;45.818123;220;19924;195;134;1120;90
5.417953;45.818426;220;19903;195;134;1120;90
5.418056;45.818488;220;19961;195;134;1120;90
5.418152;45.818541;220;19992;195;134;1120;90
5.418293;45.818589;220;19992;195;134;1120;90
5.418384;45.818605;220;19996;195;134;1120;90
5.418503;45.818603;220;20006;195;134;1120;90
5.41864;45.818577;220;19984;195;134;1120;90
5.418807;45.818554;220;19906;195;134;1120;90
5.418884;45.818688;220;19903;195;134;1120;90
5.419089;45.819213;220;19901;195;134;1120;90
5.419314;45.819924;220;19808;195;134;1120;90
5.419546;45.820623;220;19872;195;134;1120;90
5.419746;45.821257;220;19807;195;134;1120;90
5.419775;45.821432;220;19869;195;134;1120;90
5.419784;45.821519;220;19807;195;134;1120;90
5.419658;45.821685;220;19868;195;134;1120;90
5.419514;45.821875;220;19864;195;134;1120;90
5.419408;45.822006;220;19891;195;134;1120;90
5.419417;45.822062;220;19938;195;134;1120;90
5.419578;45.822243;220;19995;195;134;1120;90
5.419826;45.822464;220;20075;195;134;1120;90
5.41995;45.822548;220;20101;195;134;1120;90
5.42005;45.822578;220;20139;195;134;1120;90
5.42016;45.822586;220;20154;195;134;1120;90
5.420231;45.822669;220;20097;195;134;1120;90
5.420257;45.822737;220;20017;195;134;1120;90
5.419964;45.822931;220;19981;195;134;1120;90
5.419869;45.823963;220;19961;195;134;1120;90
5.419883;45.824354;220;20024;195;134;1120;90
5.419953;45.824439;220;20157;195;134;1120;90
5.420389;45.824807;220;20281;195;134;1120;90
5.42081;45.825079;220;20363;195;134;1120;90
5.420611;45.825707;220;20361;195;134;1120;90
5.422051;45.825933;220;20325;195;134;1120;90
5.422187;45.825987;220;20208;195;134;1120;90
5.42238;45.826046;220;20104;195;134;1120;90
5.422666;45.82613;220;20074;195;134;1120;90
5.42326;45.826194;220;20006;195;134;1120;90
5.423966;45.826183;220;20008;195;134;1120;90
5.424353;45.826133;220;20007;195;134;1120;90
5.424607;45.826085;220;20104;195;134;1120;90
5.424948;45.826061;220;20142;195;134;1120;90
5.425935;45.826037;220;20167;195;134;1120;90
5.42699;45.826026;220;20152;195;134;1120;90
5.427752;45.826053;220;20092;195;134;1120;90
5.428897;45.826098;220;20016;195;134;1120;90
5.430479;45.826134;220;19991;195;134;1120;90
5.431654;45.826172;220;19975;195;134;1120;90
5.432492;45.82618;220;20006;195;134;1120;90
5.432993;45.826289;220;20000;195;134;1120;90
5.433004;45.826291;220;19986;195;134;1120;90
5.433036;45.826308;220;19978;195;134;1120;90
5.433416;45.826497;220;19963;195;134;1120;90
5.433678;45.826682;220;19928;195;134;1120;90
5.433821;45.826915;220;19927;195;134;1120;90
5.433893;45.82708;220;19938;195;134;1120;90
5.433928;45.82716;220;19932;195;134;1120;90
5.433885;45.82738;220;19902;195;134;1120;90
5.432742;45.829631;220;19912;195;134;1120;90
5.432656;45.829771;220;19901;195;134;1120;90
5.432447;45.830112;220;19913;195;134;1120;90
5.432341;45.830253;220;19901;195;134;1120;90
5.432257;45.830365;220;19922;195;134;1120;90
5.43168;45.830898;220;19902;195;134;1120;90
5.431656;45.830919;220;19916;195;134;1120;90
5.431554;45.831006;220;19905;195;134;1120;90
5.430052;45.83231;220;19902;195;134;1120;90
5.429647;45.832661;220;19885;195;134;1120;90
5.427903;45.834227;220;19863;195;134;1120;90
5.427454;45.83462;220;19856;195;134;1120;90
5.426781;45.835105;220;19864;195;134;1120;90
5.426648;45.835202;220;19842;195;134;1120;90
5.425918;45.835598;220;19863;195;134;1120;90
5.425048;45.836014;220;19875;195;134;1120;90
5.424074;45.836368;220;19876;195;134;1120;90
5.423018;45.836712;220;19859;195;134;1120;90
5.421297;45.837318;220;19807;195;134;1120;90
5.421031;45.837412;220;19894;195;134;1120;90
5.420136;45.837707;220;19902;195;134;1120;90
5.419603;45.837867;220;19904;195;134;1120;90
5.419168;45.838048;220;19984;195;134;1120;90
5.418591;45.838417;220;19984;195;134;1120;90
5.418334;45.838583;220;19905;195;134;1120;90
5.418001;45.838797;220;19913;195;134;1120;90
5.417424;45.839135;220;19879;195;134;1120;90
5.417019;45.839388;220;19871;195;134;1120;90
5.416585;45.839789;220;19887;195;134;1120;90
5.416575;45.839798;220;19886;195;134;1120;90
5.416352;45.840173;220;19896;195;134;1120;90
5.41623;45.840528;220;19919;195;134;1120;90
5.416174;45.840874;220;19807;195;134;1120;90
5.416174;45.841034;220;19819;195;134;1120;90
5.416174;45.841321;220;19807;195;134;1120;90
5.416153;45.841682;220;19809;195;134;1120;90
5.416104;45.841999;220;19799;195;134;1120;90
5.416018;45.842214;220;19805;195;134;1120;90
5.415896;45.84256;220;19804;195;134;1120;90
5.415775;45.842897;220;19803;195;134;1120;90
5.415718;45.843267;220;19794;195;134;1120;90
5.41567;45.843494;220;19781;195;134;1120;90
5.415591;45.843892;220;19774;195;134;1120;90
5.415423;45.844307;220;19774;195;134;1120;90
5.415378;45.844423;220;19774;195;134;1120;90
5.415316;45.844586;220;19767;195;134;1120;90
5.415243;45.844778;220;19764;195;134;1120;90
5.415087;45.845163;220;19764;195;134;1120;90
5.414852;45.84562;220;19764;195;134;1120;90
5.414594;45.846011;220;19764;195;134;1120;90
5.414215;45.846447;220;19764;195;134;1120;90
5.413753;45.846916;220;19764;195;134;1120;90
5.413214;45.847347;220;19764;195;134;1120;90
5.412634;45.847693;220;19763;195;134;1120;90
5.411896;45.848105;220;19763;195;134;1120;90
5.411169;45.848518;220;19763;195;134;1120;90
5.409892;45.849181;220;19763;195;134;1120;90
5.408983;45.849688;220;19763;195;134;1120;90
5.407976;45.850308;220;19762;195;134;1120;90
5.407312;45.850726;220;19759;195;134;1120;90
5.406902;45.851031;220;19754;195;134;1120;90
5.406872;45.851053;220;19749;195;134;1120;90
5.406628;45.85126;220;19744;195;134;1120;90
5.406448;45.851479;220;19739;195;134;1120;90
5.406369;45.851602;220;19736;195;134;1120;90
5.40628;45.85174;220;19734;195;134;1120;90
5.406058;45.851963;220;19732;195;134;1120;90
5.405773;45.852254;220;19731;195;134;1120;90
5.405564;45.852475;220;19729;195;134;1120;90
5.405376;45.852732;220;19738;195;134;1120;90
5.405282;45.852817;220;19751;195;134;1120;90
5.405251;45.852846;220;19888;195;134;1120;90
5.406862;45.853549;220;20038;195;134;1120;90
5.407343;45.85311;220;20067;195;134;1120;90
5.408105;45.852375;220;20093;195;134;1120;90
5.408602;45.851886;220;20137;195;134;1120;90
5.409563;45.851053;220;20033;195;134;1120;90
5.410041;45.850611;220;19982;195;134;1120;90
5.410137;45.850466;220;20055;195;134;1120;90
5.410513;45.850194;220;20062;195;134;1120;90
5.411514;45.849617;220;20049;195;134;1120;90
5.412443;45.849089;220;20041;195;134;1120;90
5.412708;45.84894;220;19952;195;134;1120;90
5.413088;45.848728;220;19858;195;134;1120;90
5.413554;45.848467;220;19852;195;134;1120;90
5.414097;45.848124;220;19814;195;134;1120;90
5.4144;45.847902;220;19842;195;134;1120;90
5.414672;45.847702;220;19851;195;134;1120;90
5.415216;45.847245;220;19864;195;134;1120;90
5.415501;45.846959;220;19865;195;134;1120;90
5.415836;45.846551;220;19868;195;134;1120;90
5.416043;45.846279;220;19824;195;134;1120;90
5.416044;45.846278;220;19813;195;134;1120;90
5.416155;45.846144;220;19798;195;134;1120;90
5.41618;45.846113;220;19769;195;134;1120;90
5.416181;45.846112;220;19764;195;134;1120;90
5.416327;45.845907;220;19764;195;134;1120;90
5.416539;45.845648;220;19764;195;134;1120;90
5.41654;45.845648;220;19764;195;134;1120;90
5.416692;45.845545;220;19764;195;134;1120;90
5.416851;45.845538;220;19764;195;134;1120;90
5.417285;45.84558;220;19764;195;134;1120;90
5.41764;45.845623;220;19764;195;134;1120;90
5.418394;45.845714;220;19764;195;134;1120;90
5.418758;45.845735;220;19773;195;134;1120;90
5.419096;45.845735;220;19802;195;134;1120;90
5.418477;45.846159;220;19931;195;134;1120;90
5.417588;45.847445;220;19988;195;134;1120;90
5.417047;45.848142;220;19994;195;134;1120;90
5.416928;45.848295;220;20005;195;134;1120;90
5.416575;45.848749;220;19968;195;134;1120;90
5.416404;45.848969;220;19865;195;134;1120;90
5.415841;45.850695;220;19825;195;134;1120;90
5.415329;45.851259;220;19891;195;134;1120;90
5.414209;45.852496;220;19873;195;134;1120;90
5.413382;45.852853;220;19877;195;134;1120;90
5.412247;45.85318;220;19895;195;134;1120;90
5.410805;45.853497;220;19878;195;134;1120;90
5.410228;45.853741;220;19803;195;134;1120;90
5.409048;45.854195;220;19799;195;134;1120;90
5.408676;45.854486;220;19783;195;134;1120;90
5.408621;45.854529;220;19753;195;134;1120;90
5.408604;45.854543;220;19751;195;134;1120;90
5.408603;45.854543;220;19751;195;134;1120;90
5.408603;45.854543;220;19751;195;134;1120;90
5.408586;45.854558;220;19751;195;134;1120;90
5.408535;45.854603;220;19751;195;134;1120;90
5.407637;45.855391;220;19800;195;134;1120;90
5.405055;45.85761;220;19795;195;134;1120;90
5.401853;45.85976;220;19858;195;134;1120;90
5.399497;45.860752;220;19908;195;134;1120;90
5.395708;45.862158;220;20126;195;134;1120;90
5.388516;45.865451;220;20055;195;134;1120;90
5.385153;45.866529;220;20054;195;134;1120;90
5.383153;45.868879;220;19996;195;134;1120;90
5.381888;45.869471;220;19900;195;134;1120;90
5.379447;45.870383;220;19752;195;134;1120;90
5.379317;45.870431;220;19753;195;134;1120;90
5.379316;45.870432;220;19723;195;134;1120;90
5.378431;45.870762;220;19682;195;134;1120;90
5.376456;45.872055;220;19631;195;134;1120;90
5.374734;45.873495;220;19599;195;134;1120;90
5.370742;45.876433;220;19593;195;134;1120;90
5.367607;45.877427;220;19631;195;134;1120;90
5.366617;45.877787;220;19605;195;134;1120;90
5.364092;45.879862;220;19638;195;134;1120;90
5.363024;45.880578;220;19637;195;134;1120;90
5.360446;45.881336;220;19627;195;134;1120;90
5.35702;45.882748;220;19588;195;134;1120;90
5.353964;45.885209;220;19561;195;134;1120;90
5.352878;45.885594;220;19593;195;134;1120;90
5.35182;45.885493;220;19609;195;134;1120;90
5.351739;45.885486;220;19589;195;134;1120;90
5.351712;45.885483;220;19569;195;134;1120;90
5.351712;45.885483;220;19556;195;134;1120;90
5.351711;45.885483;220;19504;195;134;1120;90
5.349839;45.885118;220;19467;195;134;1120;90
5.347585;45.884986;220;19597;195;134;1120;90
5.347243;45.884744;220;19759;195;134;1120;90
5.347453;45.884275;220;19915;195;134;1120;90
5.347567;45.882742;220;20079;195;134;1120;90
5.347569;45.882721;220;20079;195;134;1120;90
5.347565;45.882581;220;19949;195;134;1120;90
5.347529;45.88103;220;19787;195;134;1120;90
5.347542;45.879984;220;19736;195;134;1120;90
5.347548;45.879222;220;19655;195;134;1120;90
5.347549;45.879187;220;19716;195;134;1120;90
5.347551;45.878751;220;19775;195;134;1120;90
5.347551;45.878733;220;19842;195;134;1120;90
5.347548;45.878713;220;19802;195;134;1120;90
5.347512;45.878466;220;19783;195;134;1120;90
5.347403;45.877972;220;19795;195;134;1120;90
5.347402;45.87797;220;19804;195;134;1120;90
5.347273;45.877613;220;19877;195;134;1120;90
5.346991;45.877146;220;19929;195;134;1120;90
5.346386;45.876279;220;20025;195;134;1120;90
5.346348;45.876226;220;20134;195;134;1120;90
5.345631;45.875224;220;20201;195;134;1120;90
5.344747;45.873963;220;20326;195;134;1120;90
5.344155;45.873133;220;20401;195;134;1120;90
5.343388;45.872067;220;20485;195;134;1120;90
5.343133;45.871676;220;20562;195;134;1120;90
5.343028;45.871364;220;20659;195;134;1120;90
5.342973;45.871247;220;20737;195;134;1120;90
5.342929;45.871214;220;20835;195;134;1120;90
5.342691;45.871033;220;20900;195;134;1120;90
5.342369;45.870771;220;20941;195;134;1120;90
5.34212;45.870577;220;20955;195;134;1120;90
5.342009;45.870491;220;20924;195;134;1120;90
5.341876;45.870387;220;20901;195;134;1120;90
5.341054;45.869825;220;20852;195;134;1120;90
5.340244;45.8693;220;20807;195;134;1120;90
5.339367;45.868725;220;20769;195;134;1120;90
5.338349;45.868065;220;20739;195;134;1120;90
5.338337;45.868057;220;20696;195;134;1120;90
5.33819;45.867859;220;20608;195;134;1120;90
5.337935;45.867464;220;20645;195;134;1120;90
5.337723;45.867071;220;20604;195;134;1120;90
5.337405;45.866558;220;20571;195;134;1120;90
5.337213;45.866183;220;20534;195;134;1120;90
5.336868;45.865665;220;20501;195;134;1120;90
5.3366;45.865053;220;20459;195;134;1120;90
5.336542;45.86485;220;20425;195;134;1120;90
5.33646;45.864463;220;20399;195;134;1120;90
5.336289;45.863777;220;20388;195;134;1120;90
5.336187;45.863399;220;20417;195;134;1120;90
5.336184;45.863388;220;20497;195;134;1120;90
5.335989;45.862767;220;20575;195;134;1120;90
5.335914;45.862532;220;20687;195;134;1120;90
5.335798;45.862336;220;20805;195;134;1120;90
5.335742;45.862104;220;20902;195;134;1120;90
5.335687;45.861705;220;21002;195;134;1120;90
5.335579;45.861069;220;21141;195;134;1120;90
5.33554;45.860882;220;21218;195;134;1120;90
5.335405;45.860542;220;21272;195;134;1120;90
5.335167;45.860037;220;21277;195;134;1120;90
5.334838;45.859481;220;21236;195;134;1120;90
5.334187;45.858635;220;21132;195;134;1120;90
5.333864;45.858169;220;21032;195;134;1120;90
5.333523;45.857515;220;20936;195;134;1120;90
5.333024;45.856611;220;20834;195;134;1120;90
5.332716;45.855998;220;20797;195;134;1120;90
5.332619;45.855641;220;20812;195;134;1120;90
5.332492;45.85507;220;20834;195;134;1120;90
5.332369;45.854627;220;20853;195;134;1120;90
5.332311;45.85443;220;20886;195;134;1120;90
5.331925;45.853295;220;20897;195;134;1120;90
5.331925;45.853295;220;20900;195;134;1120;90
5.331924;45.853271;220;20903;195;134;1120;90
5.33184;45.853043;220;20916;195;134;1120;90
5.331837;45.853036;220;20923;195;134;1120;90
5.331726;45.85264;220;20921;195;134;1120;90
5.331702;45.852556;220;20923;195;134;1120;90
5.331625;45.852362;220;20921;195;134;1120;90
5.33153;45.85212;220;20916;195;134;1120;90
5.331404;45.85186;220;20904;195;134;1120;90
5.331147;45.851597;220;20891;195;134;1120;90
5.330935;45.851494;220;20871;195;134;1120;90
5.33088;45.851493;220;20854;195;134;1120;90
5.330789;45.851491;220;20804;195;134;1120;90
5.330305;45.851565;220;20836;195;134;1120;90
5.329737;45.851652;220;20811;195;134;1120;90
5.328813;45.851779;220;20782;195;134;1120;90
5.328516;45.851792;220;20749;195;134;1120;90
5.32833;45.851799;220;20718;195;134;1120;90
5.327947;45.851823;220;20689;195;134;1120;90
5.32794;45.851824;220;20678;195;134;1120;90
5.327725;45.851828;220;20672;195;134;1120;90
5.326858;45.851492;220;20669;195;134;1120;90
5.32674;45.851446;220;20674;195;134;1120;90
5.32582;45.851084;220;20688;195;134;1120;90
5.324922;45.850721;220;20731;195;134;1120;90
5.323823;45.850347;220;20756;195;134;1120;90
5.323198;45.850076;220;20775;195;134;1120;90
5.322987;45.85001;220;20767;195;134;1120;90
5.322975;45.850012;220;20742;195;134;1120;90
5.322839;45.850027;220;20691;195;134;1120;90
5.322692;45.850044;220;20666;195;134;1120;90
5.32259;45.850056;220;20604;195;134;1120;90
5.322338;45.850111;220;20635;195;134;1120;90
5.321731;45.850245;220;20634;195;134;1120;90
5.321018;45.850406;220;20625;195;134;1120;90
5.318838;45.850527;220;20613;195;134;1120;90
5.317815;45.850582;220;20548;195;134;1120;90
5.316332;45.850662;220;20485;195;134;1120;90
5.315951;45.850662;220;20423;195;134;1120;90
5.315926;45.850652;220;20346;195;134;1120;90
5.315608;45.850517;220;20247;195;134;1120;90
5.315022;45.850013;220;20198;195;134;1120;90
5.314571;45.849631;220;20132;195;134;1120;90
5.314143;45.849149;220;20066;195;134;1120;90
5.314015;45.848969;220;20014;195;134;1120;90
5.313648;45.848635;220;19983;195;134;1120;90
5.313449;45.848481;220;19964;195;134;1120;90
5.313272;45.848343;220;19956;195;134;1120;90
5.31315;45.848191;220;19951;195;134;1120;90
5.31295;45.847943;220;19956;195;134;1120;90
5.312516;45.847572;220;19972;195;134;1120;90
5.312193;45.847328;220;19985;195;134;1120;90
5.311953;45.847103;220;19991;195;134;1120;90
5.310801;45.845829;220;19993;195;134;1120;90
5.310793;45.84582;220;20007;195;134;1120;90
5.310535;45.845564;220;20001;195;134;1120;90
5.310377;45.845435;220;20023;195;134;1120;90
5.310278;45.845352;220;20039;195;134;1120;90
5.310152;45.845246;220;20065;195;134;1120;90
5.309585;45.844691;220;20081;195;134;1120;90
5.309071;45.844168;220;20111;195;134;1120;90
5.308732;45.843857;220;20129;195;134;1120;90
5.308141;45.843497;220;20133;195;134;1120;90
5.307946;45.843269;220;20127;195;134;1120;90
5.307807;45.843134;220;20117;195;134;1120;90
5.30749;45.842699;220;20089;195;134;1120;90
5.307322;45.842323;220;20057;195;134;1120;90
5.30721;45.842097;220;20049;195;134;1120;90
5.307032;45.84188;220;20038;195;134;1120;90
5.306381;45.841388;220;20019;195;134;1120;90
5.306064;45.84108;220;20016;195;134;1120;90
5.305934;45.840878;220;20019;195;134;1120;90
5.305629;45.840479;220;20024;195;134;1120;90
5.304191;45.838012;220;20036;195;134;1120;90
5.30234;45.834768;220;20086;195;134;1120;90
5.301686;45.833666;220;20124;195;134;1120;90
5.301025;45.832458;220;20106;195;134;1120;90
5.300101;45.830253;220;20127;195;134;1120;90
5.299054;45.828356;220;20123;195;134;1120;90
5.300083;45.827964;220;20058;195;134;1120;90
5.300578;45.827894;220;20039;195;134;1120;90
5.30072;45.82786;220;20011;195;134;1120;90
5.300502;45.827482;220;20035;195;134;1120;90
5.29958;45.826217;220;20015;195;134;1120;90
5.299798;45.826106;220;20003;195;134;1120;90
5.300172;45.825868;220;19992;195;134;1120;90
5.302468;45.824197;220;19964;195;134;1120;90
5.302856;45.823875;220;20043;195;134;1120;90
5.303319;45.823398;220;20282;195;134;1120;90
5.303368;45.823379;220;20586;195;134;1120;90
5.303368;45.823379;220;20866;195;134;1120;90
5.303319;45.823398;220;21151;195;134;1120;90
5.303072;45.823192;220;21367;195;134;1120;90
5.301285;45.822084;220;21399;195;134;1120;90
5.301168;45.821698;220;21203;195;134;1120;90
5.301076;45.821616;220;21035;195;134;1120;90
5.300724;45.821431;220;20874;195;134;1120;90
5.300472;45.821135;220;20666;195;134;1120;90
5.300108;45.820663;220;20502;195;134;1120;90
5.299689;45.820182;220;20577;195;134;1120;90
5.29948;45.819971;220;20682;195;134;1120;90
5.299264;45.819692;220;20768;195;134;1120;90
5.299061;45.819366;220;20855;195;134;1120;90
5.298956;45.818906;220;20949;195;134;1120;90
5.298894;45.818722;220;20938;195;134;1120;90
5.29805;45.817906;220;20902;195;134;1120;90
5.297937;45.81781;220;20916;195;134;1120;90
5.297858;45.817769;220;20904;195;134;1120;90
5.297881;45.817748;220;20944;195;134;1120;90
5.297275;45.817106;220;20974;195;134;1120;90
5.297188;45.817014;220;21029;195;134;1120;90
5.297071;45.816865;220;21002;195;134;1120;90
5.297068;45.816861;220;21031;195;134;1120;90
5.29705;45.816838;220;21048;195;134;1120;90
5.296967;45.816673;220;21063;195;134;1120;90
5.296954;45.816346;220;21032;195;134;1120;90
5.296931;45.816179;220;21004;195;134;1120;90
5.29693;45.816168;220;21042;195;134;1120;90
5.296646;45.815862;220;21044;195;134;1120;90
5.296353;45.815633;220;21043;195;134;1120;90
5.296114;45.815493;220;21063;195;134;1120;90
5.295964;45.815333;220;21064;195;134;1120;90
5.295958;45.815327;220;21005;195;134;1120;90
5.295924;45.815291;220;21035;195;134;1120;90
5.295737;45.815091;220;21024;195;134;1120;90
5.295716;45.815068;220;20986;195;134;1120;90
5.295712;45.815064;220;20955;195;134;1120;90
5.295096;45.814365;220;20935;195;134;1120;90
5.295032;45.814292;220;20900;195;134;1120;90
5.295035;45.814291;220;20866;195;134;1120;90
5.295044;45.814287;220;20859;195;134;1120;90
5.298978;45.812768;220;20805;195;134;1120;90
5.299471;45.812598;220;20926;195;134;1120;90
5.29939;45.812533;220;21021;195;134;1120;90
5.298061;45.81146;220;21111;195;134;1120;90
5.29802;45.811427;220;21109;195;134;1120;90
5.299675;45.810467;220;21267;195;134;1120;90
5.299905;45.810366;220;21275;195;134;1120;90
5.300572;45.810076;220;21276;195;134;1120;90
5.301255;45.809789;220;21285;195;134;1120;90
5.301495;45.809548;220;21302;195;134;1120;90
5.301691;45.809297;220;21365;195;134;1120;90
5.301693;45.809291;220;21405;195;134;1120;90
5.301729;45.809237;220;21447;195;134;1120;90
5.301733;45.809231;220;21484;195;134;1120;90
5.30177;45.809175;220;21504;195;134;1120;90
5.301997;45.809029;220;21516;195;134;1120;90
5.302576;45.808817;220;21512;195;134;1120;90
5.302695;45.808692;220;21512;195;134;1120;90
5.302654;45.808426;220;21517;195;134;1120;90
5.302546;45.80803;220;21506;195;134;1120;90
5.302451;45.807691;220;21486;195;134;1120;90
5.30223;45.806898;220;21458;195;134;1120;90
5.301872;45.805825;220;21431;195;134;1120;90
5.301842;45.805733;220;21401;195;134;1120;90
5.301478;45.804622;220;21403;195;134;1120;90
5.301334;45.804169;220;21432;195;134;1120;90
5.301284;45.803925;220;21476;195;134;1120;90
5.301251;45.803802;220;21502;195;134;1120;90
5.299658;45.804244;220;21507;195;134;1120;90
5.296754;45.804732;220;21503;195;134;1120;90
5.295857;45.804175;220;21455;195;134;1120;90
5.295706;45.804144;220;21365;195;134;1120;90
5.295504;45.804102;220;21274;195;134;1120;90
5.29527;45.804054;220;21202;195;134;1120;90
5.294586;45.804008;220;21133;195;134;1120;90
5.292501;45.803459;220;21105;195;134;1120;90
5.292252;45.803349;220;21078;195;134;1120;90
5.291789;45.803143;220;21058;195;134;1120;90
5.291616;45.803004;220;21024;195;134;1120;90
5.291095;45.802585;220;20992;195;134;1120;90
5.29108;45.802572;220;20935;195;134;1120;90
5.291159;45.802327;220;20914;195;134;1120;90
5.291233;45.802282;220;20900;195;134;1120;90
5.291802;45.801936;220;20888;195;134;1120;90
5.29185;45.801903;220;20899;195;134;1120;90
5.292181;45.801673;220;20918;195;134;1120;90
5.292188;45.801648;220;20963;195;134;1120;90
5.292421;45.800846;220;21011;195;134;1120;90
5.292426;45.800831;220;21101;195;134;1120;90
5.292505;45.800815;220;21194;195;134;1120;90
5.293007;45.800716;220;21273;195;134;1120;90
5.293804;45.800509;220;21349;195;134;1120;90
5.294168;45.800322;220;21414;195;134;1120;90
5.29445;45.800054;220;21422;195;134;1120;90
5.294632;45.799842;220;21404;195;134;1120;90
5.295075;45.799054;220;21466;195;134;1120;90
5.29501;45.798359;220;21492;195;134;1120;90
5.295176;45.797918;220;21578;195;134;1120;90
5.295189;45.797674;220;21646;195;134;1120;90
5.295125;45.797616;220;21702;195;134;1120;90
5.295064;45.797561;220;21745;195;134;1120;90
5.294725;45.797369;220;21778;195;134;1120;90
5.29454;45.797299;220;21800;195;134;1120;90
5.293597;45.797212;220;21838;195;134;1120;90
5.293312;45.797133;220;22052;195;134;1120;90
5.293157;45.797074;220;22295;195;134;1120;90
5.292992;45.797039;220;22504;195;134;1120;90
5.2929;45.797034;220;22753;195;134;1120;90
5.292733;45.797094;220;22984;195;134;1120;90
5.292314;45.797349;220;23065;195;134;1120;90
5.292212;45.79725;220;23142;195;134;1120;90
5.292068;45.796994;220;23206;195;134;1120;90
5.290349;45.796216;220;23206;195;134;1120;90
5.29001;45.795958;220;23311;195;134;1120;90
5.289786;45.79569;220;23351;195;134;1120;90
5.289659;45.795462;220;23387;195;134;1120;90
5.28952;45.795148;220;23428;195;134;1120;90
5.289246;45.794874;220;23407;195;134;1120;90
5.288861;45.794638;220;23507;195;134;1120;90
5.288472;45.794494;220;23481;195;134;1120;90
5.288025;45.794424;220;23412;195;134;1120;90
5.287636;45.794436;220;23323;195;134;1120;90
5.287068;45.794554;220;23211;195;134;1120;90
5.285649;45.794889;220;23052;195;134;1120;90
5.284913;45.795092;220;22831;195;134;1120;90
5.283838;45.795445;220;22601;195;134;1120;90
5.282887;45.795735;220;22379;195;134;1120;90
5.281872;45.795962;220;22166;195;134;1120;90
5.281506;45.796075;220;21953;195;134;1120;90
5.281506;45.796075;220;21861;195;134;1120;90
5.281372;45.796116;220;21798;195;134;1120;90
5.280561;45.796282;220;21726;195;134;1120;90
5.279603;45.796661;220;21655;195;134;1120;90
5.278842;45.796889;220;21599;195;134;1120;90
5.278418;45.796938;220;21534;195;134;1120;90
5.27832;45.796796;220;21409;195;134;1120;90
5.277892;45.796296;220;21475;195;134;1120;90
5.277696;45.796013;220;21472;195;134;1120;90
5.277422;45.79543;220;21499;195;134;1120;90
5.276919;45.794642;220;21527;195;134;1120;90
5.276623;45.79386;220;21405;195;134;1120;90
5.276081;45.79286;220;21366;195;134;1120;90
5.275863;45.792062;220;21216;195;134;1120;90
5.275677;45.791644;220;20996;195;134;1120;90
5.275501;45.791408;220;20778;195;134;1120;90
5.275336;45.791261;220;20644;195;134;1120;90
5.275247;45.791324;220;20519;195;134;1120;90
5.273006;45.789862;220;20447;195;134;1120;90
5.269783;45.78779;220;20462;195;134;1120;90
5.269536;45.78758;220;20421;195;134;1120;90
5.267569;45.786908;220;20383;195;134;1120;90
5.266324;45.786534;220;20309;195;134;1120;90
5.266107;45.786463;220;20267;195;134;1120;90
5.266029;45.786422;220;20212;195;134;1120;90
5.2659;45.786396;220;20207;195;134;1120;90
5.265613;45.786407;220;20199;195;134;1120;90
5.265455;45.786388;220;20224;195;134;1120;90
5.265225;45.786321;220;20202;195;134;1120;90
5.264554;45.786063;220;20218;195;134;1120;90
5.263535;45.785825;220;20217;195;134;1120;90
5.262373;45.785621;220;20235;195;134;1120;90
5.261955;45.785474;220;20276;195;134;1120;90
5.261738;45.785435;220;20336;195;134;1120;90
5.261738;45.785435;220;20400;195;134;1120;90
5.261491;45.785423;220;20463;195;134;1120;90
5.261325;45.785459;220;20505;195;134;1120;90
5.261075;45.785541;220;20523;195;134;1120;90
5.260941;45.785545;220;20532;195;134;1120;90
5.260867;45.785521;220;20532;195;134;1120;90
5.260501;45.78533;220;20533;195;134;1120;90
5.259246;45.784813;220;20511;195;134;1120;90
5.258009;45.784333;220;20412;195;134;1120;90
5.257712;45.784194;220;20382;195;134;1120;90
5.256926;45.783966;220;20305;195;134;1120;90
5.256864;45.783921;220;20233;195;134;1120;90
5.256808;45.78385;220;20146;195;134;1120;90
5.256741;45.783704;220;20222;195;134;1120;90
5.256671;45.783642;220;20229;195;134;1120;90
5.256494;45.783603;220;20273;195;134;1120;90
5.256105;45.783605;220;20294;195;134;1120;90
5.255888;45.783588;220;20346;195;134;1120;90
5.255782;45.783556;220;20287;195;134;1120;90
5.255504;45.783454;220;20216;195;134;1120;90
5.255354;45.783381;220;20116;195;134;1120;90
5.255016;45.783149;220;20038;195;134;1120;90
5.254847;45.783085;220;20007;195;134;1120;90
5.254426;45.782982;220;20003;195;134;1120;90
5.254203;45.782885;220;20023;195;134;1120;90
5.253651;45.782601;220;20088;195;134;1120;90
5.253243;45.782466;220;20129;195;134;1120;90
5.252723;45.782269;220;20107;195;134;1120;90
5.25224;45.78206;220;20172;195;134;1120;90
5.251108;45.781598;220;20124;195;134;1120;90
5.250684;45.781359;220;19949;195;134;1120;90
5.250612;45.781336;220;19902;195;134;1120;90
5.25011;45.781269;220;19853;195;134;1120;90
5.247348;45.78021;220;19803;195;134;1120;90
5.24621;45.779671;220;19863;195;134;1120;90
5.246085;45.779595;220;20014;195;134;1120;90
5.245967;45.779479;220;20054;195;134;1120;90
5.245706;45.779159;220;20072;195;134;1120;90
5.245534;45.779015;220;20119;195;134;1120;90
5.245245;45.778816;220;20133;195;134;1120;90
5.244285;45.778255;220;20147;195;134;1120;90
5.242965;45.77755;220;20154;195;134;1120;90
5.242447;45.777249;220;20188;195;134;1120;90
5.24158;45.77669;220;20109;195;134;1120;90
5.241581;45.776693;220;20204;195;134;1120;90
5.241575;45.776694;220;20225;195;134;1120;90
5.241564;45.776686;220;20238;195;134;1120;90
5.241564;45.776686;220;20243;195;134;1120;90
5.24128;45.776486;220;20249;195;134;1120;90
5.240453;45.775862;220;20261;195;134;1120;90
5.240176;45.775653;220;20294;195;134;1120;90
5.240155;45.775639;220;20332;195;134;1120;90
5.239758;45.77538;220;20307;195;134;1120;90
5.239257;45.775063;220;20409;195;134;1120;90
5.238307;45.774547;220;20445;195;134;1120;90
5.236943;45.77384;220;20463;195;134;1120;90
5.236511;45.773632;220;20369;195;134;1120;90
5.235832;45.77322;220;20263;195;134;1120;90
5.235813;45.773209;220;20147;195;134;1120;90
5.235315;45.772912;220;20022;195;134;1120;90
5.234692;45.772544;220;19877;195;134;1120;90
5.234256;45.772226;220;19834;195;134;1120;90
5.233826;45.771942;220;19799;195;134;1120;90
5.233394;45.771605;220;19771;195;134;1120;90
5.232473;45.770833;220;19742;195;134;1120;90
5.231708;45.770179;220;19731;195;134;1120;90
5.230792;45.7694;220;19737;195;134;1120;90
5.23031;45.769025;220;19778;195;134;1120;90
5.229668;45.768601;220;19821;195;134;1120;90
5.229384;45.768409;220;19864;195;134;1120;90
5.228597;45.767881;220;19908;195;134;1120;90
5.228277;45.767588;220;19903;195;134;1120;90
5.228152;45.767472;220;19925;195;134;1120;90
5.227799;45.767198;220;19924;195;134;1120;90
5.227792;45.767205;220;19912;195;134;1120;90
5.226873;45.766526;220;19896;195;134;1120;90
5.226286;45.76604;220;19887;195;134;1120;90
5.225812;45.765625;220;19877;195;134;1120;90
5.225339;45.76515;220;19875;195;134;1120;90
5.22531;45.765162;220;19882;195;134;1120;90
5.224992;45.764791;220;19889;195;134;1120;90
5.224402;45.763895;220;19895;195;134;1120;90
5.225309;45.763708;220;19937;195;134;1120;90
5.225969;45.763562;220;19984;195;134;1120;90
5.226966;45.763341;220;20000;195;134;1120;90
5.229552;45.763026;220;20035;195;134;1120;90
5.230126;45.762974;220;20045;195;134;1120;90
5.232173;45.762901;220;20021;195;134;1120;90
5.232415;45.76284;220;19999;195;134;1120;90
5.232747;45.76261;220;20006;195;134;1120;90
5.232782;45.762582;220;19909;195;134;1120;90
5.232809;45.762557;220;20001;195;134;1120;90
5.234692;45.760807;220;20007;195;134;1120;90
5.234823;45.759579;220;20038;195;134;1120;90
5.235103;45.759445;220;20212;195;134;1120;90
5.23636;45.75879;220;20398;195;134;1120;90
5.23661;45.758638;220;20701;195;134;1120;90
5.236793;45.758402;220;20905;195;134;1120;90
5.236944;45.758137;220;21124;195;134;1120;90
5.237043;45.757892;220;21196;195;134;1120;90
5.23687;45.757453;220;21267;195;134;1120;90
5.236587;45.756833;220;21225;195;134;1120;90
5.236618;45.756774;220;21243;195;134;1120;90
5.236686;45.756737;220;21292;195;134;1120;90
5.237309;45.75657;220;21300;195;134;1120;90
5.239997;45.755885;220;21300;195;134;1120;90
5.240517;45.755724;220;21284;195;134;1120;90
5.240963;45.755511;220;21287;195;134;1120;90
5.242109;45.754918;220;21295;195;134;1120;90
5.24278;45.754622;220;21307;195;134;1120;90
5.242977;45.754573;220;21329;195;134;1120;90
5.243161;45.754473;220;21364;195;134;1120;90
5.243843;45.75386;220;21379;195;134;1120;90
5.244094;45.753406;220;21374;195;134;1120;90
5.244604;45.752766;220;21335;195;134;1120;90
5.245156;45.752021;220;21254;195;134;1120;90
5.246342;45.750064;220;21221;195;134;1120;90
5.246631;45.749192;220;21118;195;134;1120;90
5.246998;45.747351;220;21046;195;134;1120;90
5.246953;45.74726;220;21002;195;134;1120;90
5.246508;45.747002;220;21046;195;134;1120;90
5.246181;45.746616;220;21023;195;134;1120;90
5.246069;45.746351;220;21083;195;134;1120;90
5.245843;45.746178;220;21115;195;134;1120;90
5.245682;45.746021;220;21143;195;134;1120;90
5.245616;45.745705;220;21141;195;134;1120;90
5.245603;45.74564;220;21147;195;134;1120;90
5.246057;45.744572;220;21134;195;134;1120;90
5.246043;45.74415;220;21174;195;134;1120;90
5.246224;45.743591;220;21222;195;134;1120;90
5.246127;45.743273;220;21241;195;134;1120;90
5.24624;45.743086;220;21257;195;134;1120;90
5.246224;45.742925;220;21263;195;134;1120;90
5.246476;45.742794;220;21213;195;134;1120;90
5.246583;45.742648;220;21238;195;134;1120;90
5.246363;45.742191;220;21289;195;134;1120;90
5.246352;45.741888;220;21284;195;134;1120;90
5.246228;45.741614;220;21312;195;134;1120;90
5.245876;45.741395;220;21344;195;134;1120;90
5.245553;45.741183;220;21257;195;134;1120;90
5.245325;45.741009;220;21188;195;134;1120;90
5.245132;45.740905;220;21168;195;134;1120;90
5.244961;45.740853;220;21134;195;134;1120;90
5.244117;45.740773;220;21119;195;134;1120;90
5.243461;45.740818;220;21143;195;134;1120;90
5.2433;45.740834;220;21165;195;134;1120;90
5.243217;45.740851;220;21181;195;134;1120;90
5.2431;45.740816;220;21195;195;134;1120;90
5.242954;45.740674;220;21197;195;134;1120;90
5.24274;45.740496;220;21184;195;134;1120;90
5.242492;45.74033;220;21161;195;134;1120;90
5.241994;45.740057;220;21139;195;134;1120;90
5.241617;45.739908;220;21073;195;134;1120;90
5.241389;45.739788;220;21004;195;134;1120;90
5.241107;45.739587;220;20901;195;134;1120;90
5.240383;45.739208;220;20811;195;134;1120;90
5.240163;45.739051;220;20712;195;134;1120;90
5.239933;45.738325;220;20606;195;134;1120;90
5.239284;45.737658;220;20618;195;134;1120;90
5.239253;45.737618;220;20615;195;134;1120;90
5.23849;45.736644;220;20603;195;134;1120;90
5.238589;45.736668;220;20606;195;134;1120;90
5.238708;45.736686;220;20684;195;134;1120;90
5.239611;45.736797;220;20706;195;134;1120;90
5.240517;45.736872;220;20702;195;134;1120;90
5.242399;45.736886;220;20700;195;134;1120;90
5.242791;45.736815;220;20875;195;134;1120;90
5.243118;45.736628;220;20972;195;134;1120;90
5.243419;45.736415;220;21112;195;134;1120;90
5.243896;45.735429;220;21214;195;134;1120;90
5.243886;45.735361;220;21338;195;134;1120;90
5.243866;45.735224;220;21271;195;134;1120;90
5.24399;45.735116;220;21383;195;134;1120;90
5.243835;45.73497;220;21382;195;134;1120;90
5.243943;45.73461;220;21504;195;134;1120;90
5.244061;45.734385;220;21605;195;134;1120;90
5.244082;45.733996;220;21693;195;134;1120;90
5.244275;45.73312;220;21700;195;134;1120;90
5.244275;45.732715;220;21721;195;134;1120;90
5.243513;45.731964;220;21621;195;134;1120;90
5.243323;45.731762;220;21678;195;134;1120;90
5.242891;45.731178;220;21714;195;134;1120;90
5.24269;45.730871;220;21707;195;134;1120;90
5.242418;45.730487;220;21721;195;134;1120;90
5.241952;45.729827;220;21726;195;134;1120;90
5.241841;45.72967;220;21628;195;134;1120;90
5.241574;45.729127;220;21537;195;134;1120;90
5.241425;45.728762;220;21538;195;134;1120;90
5.241254;45.728555;220;21651;195;134;1120;90
5.241025;45.72803;220;21803;195;134;1120;90
5.240812;45.727741;220;22047;195;134;1120;90
5.24054;45.727477;220;22281;195;134;1120;90
5.240143;45.727149;220;22429;195;134;1120;90
5.239615;45.726599;220;22463;195;134;1120;90
5.238892;45.726275;220;22444;195;134;1120;90
5.238847;45.726312;220;22231;195;134;1120;90
5.238784;45.726333;220;21978;195;134;1120;90
5.238715;45.726332;220;21704;195;134;1120;90
5.238646;45.726307;220;21533;195;134;1120;90
5.238602;45.726262;220;21361;195;134;1120;90
5.238594;45.726208;220;21301;195;134;1120;90
5.238624;45.726158;220;21308;195;134;1120;90
5.23777;45.725757;220;21306;195;134;1120;90
5.23719;45.725549;220;21281;195;134;1120;90
5.237023;45.725326;220;21205;195;134;1120;90
5.236974;45.725261;220;21202;195;134;1120;90
5.236974;45.725261;220;21186;195;134;1120;90
5.236979;45.725223;220;21156;195;134;1120;90
5.237103;45.725202;220;21155;195;134;1120;90
5.238628;45.724662;220;21164;195;134;1120;90
5.239059;45.724511;220;21202;195;134;1120;90
5.239122;45.724473;220;21206;195;134;1120;90
5.239026;45.724434;220;21319;195;134;1120;90
5.239081;45.72438;220;21368;195;134;1120;90
5.239037;45.724354;220;21412;195;134;1120;90
5.239002;45.724322;220;21421;195;134;1120;90
5.238977;45.724286;220;21401;195;134;1120;90
5.238965;45.724246;220;21399;195;134;1120;90
5.238966;45.724206;220;21397;195;134;1120;90
5.238979;45.724168;220;21395;195;134;1120;90
5.239003;45.724133;220;21309;195;134;1120;90
5.239038;45.724103;220;21385;195;134;1120;90
5.239081;45.724078;220;21308;195;134;1120;90
5.23913;45.72406;220;21381;195;134;1120;90
5.239184;45.72405;220;21381;195;134;1120;90
5.239295;45.724055;220;21386;195;134;1120;90
5.239346;45.72407;220;21309;195;134;1120;90
5.239392;45.724092;220;21393;195;134;1120;90
5.239484;45.724057;220;21396;195;134;1120;90
5.239824;45.723928;220;21398;195;134;1120;90
5.240517;45.723702;220;21398;195;134;1120;90
5.240772;45.723618;220;21404;195;134;1120;90
5.242309;45.723086;220;21414;195;134;1120;90
5.242543;45.723111;220;21429;195;134;1120;90
5.242807;45.723015;220;21405;195;134;1120;90
5.24481;45.722313;220;21475;195;134;1120;90
5.24495;45.722285;220;21493;195;134;1120;90
5.245634;45.722095;220;21501;195;134;1120;90
5.24666;45.721901;220;21522;195;134;1120;90
5.246732;45.721887;220;21558;195;134;1120;90
5.246999;45.721882;220;21592;195;134;1120;90
5.247709;45.721759;220;21637;195;134;1120;90
5.247879;45.721742;220;21714;195;134;1120;90
5.247959;45.721677;220;21798;195;134;1120;90
5.247967;45.721614;220;21866;195;134;1120;90
5.247969;45.721571;220;21939;195;134;1120;90
5.248005;45.721535;220;22007;195;134;1120;90
